trnsaction_date,activation_date,entity_id,tmcode,offer_name,entity_type_name,entity_name,seller_id,nbr_transaction,nbr_activation
2024-06-18,NULL,,,,NULL,NULL,BILOUN,3,0
2024-07-05,NULL,,,,NULL,NULL,HGANNO0,16,0
2024-07-03,NULL,,,,NULL,NULL,ANASKI,3,0
2024-07-05,2024-07-05,,,,FRANCHISE,Franchise Fouchana,YOMAIM,1,1
2024-06-14,NULL,,,,NULL,NULL,HHAMRN,6,0
2024-07-03,NULL,,,,NULL,NULL,AGHRIB0,17,0
2024-06-28,NULL,,,,NULL,NULL,ALSEIF,8,0
2024-06-11,NULL,,,,NULL,NULL,ABOUC,6,0
2024-07-23,NULL,,,,NULL,NULL,ABOUC,2,0
2024-06-27,NULL,,,,NULL,NULL,BENSLATF,17,0
2024-07-23,NULL,,,,NULL,NULL,MASBRN,6,0
2024-06-14,NULL,,,,NULL,NULL,BRJEBLI,1,0
2024-07-10,NULL,,,,NULL,NULL,RAMMARN,10,0
2024-06-19,NULL,,,,NULL,NULL,MRAYM,5,0
2024-06-27,NULL,,,,NULL,NULL,RIMIHB,14,0
2024-07-08,NULL,,,,NULL,NULL,SOUHMD,8,0
2024-06-18,NULL,,,,NULL,NULL,MHMRYM,4,0
2024-07-10,NULL,,,,NULL,NULL,FCHETTA,3,0
2024-07-02,NULL,,,,NULL,NULL,DHAMOUDA,20,0
2024-07-18,NULL,,,,NULL,NULL,MANRIHB,5,0
2024-06-28,NULL,,,,NULL,NULL,SAYWALD,7,0
2024-07-17,NULL,,,,NULL,NULL,NSALLE0,4,0
2024-06-07,NULL,,,,NULL,NULL,MKARDN,4,0
2024-06-19,NULL,,,,NULL,NULL,MESSNB,7,0
2024-07-11,NULL,,,,NULL,NULL,TRIKIMC,12,0
2024-07-17,2024-07-17,,,,FRANCHISE,Franchise Gafsa,MANRIHB,2,2
2024-07-10,NULL,,,,NULL,NULL,BGTAS,5,0
2024-06-21,NULL,,,,NULL,NULL,NRMI,1,0
2024-06-25,NULL,,,,NULL,NULL,ENISLEM,20,0
2024-06-20,NULL,,,,NULL,NULL,RAHOLF,7,0
2024-07-08,NULL,,,,NULL,NULL,BGTAS,18,0
2024-06-12,NULL,,,,NULL,NULL,BGRIGUI,9,0
2024-07-02,NULL,,,,NULL,NULL,STRABS,3,0
2024-06-22,NULL,,,,NULL,NULL,FABELKH,4,0
2024-06-13,NULL,,,,NULL,NULL,RIADSH,3,0
2024-06-11,NULL,,,,NULL,NULL,BSAMOU,13,0
2024-07-17,NULL,,,,NULL,NULL,ABOUC,4,0
2024-06-07,NULL,,,,NULL,NULL,GHZAHC,4,0
2024-06-19,2024-06-19,,,,FRANCHISE,Franchise Kram,AMBENAC,1,1
2024-06-14,NULL,,,,NULL,NULL,MLAJM,2,0
2024-07-21,2024-07-21,,,,FRANCHISE,Franchise Jerba Midoun,AABDKRIM,1,1
2024-06-24,NULL,,,,NULL,NULL,LAYONS,11,0
2024-07-10,NULL,,,,NULL,NULL,SARRA,9,0
2024-06-20,NULL,,,,NULL,NULL,JABMUSTA,5,0
2024-06-30,NULL,,,,NULL,NULL,JMANS,9,0
2024-07-08,NULL,,,,NULL,NULL,RTURK,8,0
2024-07-03,2024-07-03,,,,FRANCHISE,Franchise Cite Riadh,AYSANA,1,1
2024-06-12,NULL,,,,NULL,NULL,BHAIFA,1,0
2024-06-08,NULL,,,,NULL,NULL,RAHLM,2,0
2024-07-01,NULL,,,,NULL,NULL,HMRYAM,15,0
2024-06-24,NULL,,,,NULL,NULL,OUMDHOK,3,0
2024-06-08,NULL,,,,NULL,NULL,BEFERCHI,4,0
2024-07-06,NULL,,,,NULL,NULL,BOUAZZO,4,0
2024-07-01,NULL,,,,NULL,NULL,MAAYARC,11,0
2024-07-20,NULL,,,,NULL,NULL,BKHAOUL,1,0
2024-06-15,NULL,,,,NULL,NULL,SBZOUITA,1,0
2024-06-11,NULL,,,,NULL,NULL,ISAOUDI,4,0
2024-06-07,NULL,,,,NULL,NULL,IBYAH,2,0
2024-07-16,2024-07-16,,,,FRANCHISE,Franchise Kasserine,MHMRYM,2,2
2024-06-19,NULL,,,,NULL,NULL,NOMAY,1,0
2024-07-14,NULL,,,,NULL,NULL,ABOMRN,10,0
2024-06-26,NULL,,,,NULL,NULL,WMAKKR,10,0
2024-06-27,NULL,,,,NULL,NULL,TRIKIMC,8,0
2024-06-17,2024-06-17,,,,FRANCHISE,Franchise Ben Guerdane,MMABSOUT,1,1
2024-07-17,NULL,,,,NULL,NULL,MMAGRN,6,0
2024-07-17,NULL,,,,NULL,NULL,LOTHAJ,4,0
2024-07-16,NULL,,,,NULL,NULL,KACHOUR,3,0
2024-06-22,2024-06-22,,,,FRANCHISE,Franchise Marsa 2,CSOUID,1,1
2024-06-28,2024-06-28,,,,BOUTIQUE,Boutique Sfax 1,RBENAR0,3,3
2024-07-03,NULL,,,,NULL,NULL,MBAHLE0,3,0
2024-07-19,NULL,,,,NULL,NULL,ABDGACHA,12,0
2024-06-20,NULL,,,,NULL,NULL,IMASRC,1,0
2024-07-17,2024-07-17,,,,FRANCHISE,Franchise Korba,BENZBSAM,1,1
2024-07-10,NULL,,,,NULL,NULL,SALAAB,4,0
2024-06-22,2024-06-22,,,,BOUTIQUE,Boutique Marsa,MAJEND,1,1
2024-06-13,2024-06-13,,,,LAB2.0,LAB 2.0 TB CALL,TRIKIMC,1,1
2024-06-08,NULL,,,,NULL,NULL,MBABD,5,0
2024-06-28,NULL,,,,NULL,NULL,SMAHR,2,0
2024-07-11,NULL,,,,NULL,NULL,CHETOR,7,0
2024-06-19,2024-06-19,,,,FRANCHISE,Franchise Ettadhamen,SIBTISM,1,1
2024-07-13,2024-07-13,,,,BOUTIQUE,Boutique Jendouba,THAJJ,1,1
2024-07-06,NULL,,,,NULL,NULL,RAHLM,14,0
2024-07-05,NULL,,,,NULL,NULL,AKAMOUN,2,0
2024-06-26,NULL,,,,NULL,NULL,RAMMARN,23,0
2024-07-21,NULL,,,,NULL,NULL,KCHEBLI,3,0
2024-06-29,NULL,,,,NULL,NULL,MAGNIZ,4,0
2024-06-08,NULL,,,,NULL,NULL,MTRABB,3,0
2024-06-07,2024-06-07,,,,BOUTIQUE,Boutique Mahdia,IMENRAGI,1,1
2024-07-14,NULL,,,,NULL,NULL,GSOUHAI,5,0
2024-06-29,NULL,,,,NULL,NULL,MARRMAL,6,0
2024-06-12,NULL,,,,NULL,NULL,GHHAN,3,0
2024-07-02,NULL,,,,NULL,NULL,CHELMI,9,0
2024-06-07,NULL,,,,NULL,NULL,JBELHA0,6,0
2024-06-14,NULL,,,,NULL,NULL,MBOKDIDA,3,0
2024-06-12,NULL,,,,NULL,NULL,SAKHEL,4,0
2024-06-19,NULL,,,,NULL,NULL,TMOHA,13,0
2024-07-04,NULL,,,,NULL,NULL,CFASSA0,13,0
2024-07-20,NULL,,,,NULL,NULL,SSALW,7,0
2024-07-10,NULL,,,,NULL,NULL,TABAHRI,8,0
2024-06-12,NULL,,,,NULL,NULL,ABARG,13,0
2024-06-13,NULL,,,,NULL,NULL,KMRABE0,2,0
2024-06-15,NULL,,,,NULL,NULL,MMAHDHI,2,0
2024-06-17,NULL,,,,NULL,NULL,SALAAB,3,0
2024-06-14,NULL,,,,NULL,NULL,RALOUS,12,0
2024-07-16,NULL,,,,NULL,NULL,MAYKHILF,2,0
2024-07-12,NULL,,,,NULL,NULL,MAMDOUN0,1,0
2024-06-21,NULL,,,,NULL,NULL,KABDE,1,0
2024-06-13,NULL,,,,NULL,NULL,TONY,1,0
2024-06-15,NULL,,,,NULL,NULL,NOUBC,10,0
2024-06-20,NULL,,,,NULL,NULL,RZLASS,6,0
2024-07-05,NULL,,,,NULL,NULL,BADRHAS,8,0
2024-06-19,NULL,,,,NULL,NULL,NASRHL,10,0
2024-06-15,NULL,,,,NULL,NULL,TMOHA,7,0
2024-07-04,NULL,,,,NULL,NULL,BELFAM,6,0
2024-07-16,2024-07-16,,,,LAB2.0,LAB TIM BIR ALI,LAHKHAW,4,4
2024-07-12,NULL,,,,NULL,NULL,AISSNC,5,0
2024-06-24,NULL,,,,NULL,NULL,HHAMRN,3,0
2024-06-20,NULL,,,,NULL,NULL,FHAMMA0,5,0
2024-06-28,NULL,,,,NULL,NULL,CYJAAF,14,0
2024-06-11,NULL,,,,NULL,NULL,DFATM,3,0
2024-06-08,NULL,,,,NULL,NULL,NGHARB0,1,0
2024-06-07,NULL,,,,NULL,NULL,CCHAYMA,8,0
2024-06-28,2024-06-28,,,,BOUTIQUE,Boutique Beja,ABNAMR,1,1
2024-06-19,NULL,,,,NULL,NULL,NOUBC,16,0
2024-06-12,NULL,,,,NULL,NULL,MHMRYM,2,0
2024-06-07,NULL,,,,NULL,NULL,KOUBM,10,0
2024-07-17,NULL,,,,NULL,NULL,FADJAZIR,6,0
2024-06-25,NULL,,,,NULL,NULL,BACCWC,10,0
2024-07-19,NULL,,,,NULL,NULL,KHANAC,4,0
2024-06-19,NULL,,,,NULL,NULL,FCHOUCHA,10,0
2024-07-03,NULL,,,,NULL,NULL,BENSLATF,23,0
2024-06-26,2024-06-26,,,,BOUTIQUE,Boutique Bardo,RZARKO0,1,1
2024-06-18,NULL,,,,NULL,NULL,MAKHLFC,7,0
2024-07-10,2024-07-10,,,,LAB2.0,PHONECOM LAB 2.0,BOUGOK,1,1
2024-07-18,2024-07-18,,,,FRANCHISE,Franchise Sidi Hassine,CMORCHC,1,1
2024-06-07,NULL,,,,NULL,NULL,LKARMA,3,0
2024-06-18,NULL,,,,NULL,NULL,NRMI,5,0
2024-07-03,NULL,,,,NULL,NULL,BOUAZZO,7,0
2024-06-21,NULL,,,,NULL,NULL,BELMAN,15,0
2024-07-06,2024-07-06,,,,LAB2.0,LAB ESPACE ZAHRAA,GUIEAMN,2,2
2024-07-04,2024-07-04,,,,FRANCHISE,Franchise Zarzis,TSAYRI,1,1
2024-07-11,NULL,,,,NULL,NULL,RMSERN,4,0
2024-07-05,NULL,,,,NULL,NULL,ACHOUCH,17,0
2024-07-07,2024-07-07,,,,FRANCHISE,Franchise Korba,MCHDC,3,3
2024-07-16,NULL,,,,NULL,NULL,AGODDI,5,0
2024-07-21,NULL,,,,NULL,NULL,SMOKTH,2,0
2024-06-29,NULL,,,,NULL,NULL,BFRAMZI,5,0
2024-07-23,NULL,,,,NULL,NULL,SAHWIA,9,0
2024-06-12,NULL,,,,NULL,NULL,BWAEL,3,0
2024-07-02,NULL,,,,NULL,NULL,MARBES,8,0
2024-06-18,2024-06-18,,,,LAB2.0,LAB GLOBAL PHONE,AISSNC,1,1
2024-06-27,NULL,,,,NULL,NULL,MBALDI,9,0
2024-07-06,NULL,,,,NULL,NULL,FAYOU,5,0
2024-06-29,2024-06-29,,,,FRANCHISE,Franchise Moknine,LAYONS,4,4
2024-07-05,NULL,,,,NULL,NULL,BSOUSS,17,0
2024-06-14,NULL,,,,NULL,NULL,HTRABS,3,0
2024-06-15,2024-06-15,,,,FRANCHISE,Franchise Box Aeroport Jerba,OBEN,1,1
2024-07-06,NULL,,,,NULL,NULL,DOUMYM,13,0
2024-06-18,NULL,,,,NULL,NULL,ZEBIA,9,0
2024-07-18,NULL,,,,NULL,NULL,NBENAB0,1,0
2024-06-11,NULL,,,,NULL,NULL,GHANA,11,0
2024-07-09,NULL,,,,NULL,NULL,FCHETTA,5,0
2024-06-26,NULL,,,,NULL,NULL,SIRINSFA,9,0
2024-07-12,2024-07-12,,,,LAB2.0,LAB EXPRESS SERVICES,BENATIF,2,2
2024-06-21,NULL,,,,NULL,NULL,AMELKI,1,0
2024-07-05,2024-07-05,,,,FRANCHISE,Franchise Fouchana,ICSAC,3,3
2024-07-10,NULL,,,,NULL,NULL,RCHATC,2,0
2024-07-10,NULL,,,,NULL,NULL,RAHKH,1,0
2024-06-27,NULL,,,,NULL,NULL,WMOURADI,3,0
2024-07-08,2024-07-08,,,,FRANCHISE,Franchise Borj el Wzir,RABAMA,1,1
2024-06-24,NULL,,,,NULL,NULL,HANKAK,6,0
2024-07-17,NULL,,,,NULL,NULL,MOSYNE,6,0
2024-07-13,NULL,,,,NULL,NULL,ARANIA,9,0
2024-06-19,NULL,,,,NULL,NULL,MSDHRK,13,0
2024-07-16,2024-07-16,,,,BOUTIQUE,Boutique Central Park,MDAOUED,1,1
2024-07-02,NULL,,,,NULL,NULL,MMAGRN,15,0
2024-06-28,NULL,,,,NULL,NULL,TWIDED,23,0
2024-06-19,NULL,,,,NULL,NULL,AAMEUR0,5,0
2024-06-27,NULL,,,,NULL,NULL,BETTBILE,11,0
2024-07-10,NULL,,,,NULL,NULL,GSASSI,7,0
2024-07-10,NULL,,,,NULL,NULL,TSAYRI,6,0
2024-07-05,NULL,,,,NULL,NULL,HAMRO,9,0
2024-07-17,NULL,,,,NULL,NULL,IMOULDI,16,0
2024-06-29,NULL,,,,NULL,NULL,JABMUSTA,5,0
2024-07-18,NULL,,,,NULL,NULL,MANAGH,4,0
2024-06-14,2024-06-14,,,,LAB2.0,LAB Menzel Temime,HMRYAM,1,1
2024-06-14,NULL,,,,NULL,NULL,SOUERT0,3,0
2024-07-19,NULL,,,,NULL,NULL,MANJEDI,1,0
2024-06-12,NULL,,,,NULL,NULL,MAJRABIC,8,0
2024-06-20,NULL,,,,NULL,NULL,HABHAB,12,0
2024-06-29,NULL,,,,NULL,NULL,WELAIFC,5,0
2024-07-23,NULL,,,,NULL,NULL,MFRAD,8,0
2024-06-25,NULL,,,,NULL,NULL,BOUGOK,9,0
2024-07-23,NULL,,,,NULL,NULL,HHNEBT,9,0
2024-07-02,NULL,,,,NULL,NULL,RTURK,11,0
2024-07-02,NULL,,,,NULL,NULL,SARRA,35,0
2024-06-08,NULL,,,,NULL,NULL,EZZINC,6,0
2024-07-05,NULL,,,,NULL,NULL,ABIRTAR,15,0
2024-07-03,NULL,,,,NULL,NULL,MLAHWE0,4,0
2024-06-30,NULL,,,,NULL,NULL,AAYOUC,2,0
2024-06-29,2024-06-29,,,,FRANCHISE,Franchise Korba,BENZBSAM,1,1
2024-06-11,NULL,,,,NULL,NULL,MTURKC,1,0
2024-06-21,NULL,,,,NULL,NULL,ACHAHIR,11,0
2024-06-22,2024-06-22,,,,FRANCHISE,Franchise Mateur,AMALF,1,1
2024-07-09,NULL,,,,NULL,NULL,FFEKIH0,1,0
2024-07-10,NULL,,,,NULL,NULL,RTURK,4,0
2024-06-07,NULL,,,,NULL,NULL,HAMRO,1,0
2024-06-10,NULL,,,,NULL,NULL,BNESR,3,0
2024-07-05,NULL,,,,NULL,NULL,NASRF,11,0
2024-06-24,NULL,,,,NULL,NULL,RALOUS,6,0
2024-06-09,NULL,,,,NULL,NULL,IBYAH,2,0
2024-06-29,NULL,,,,NULL,NULL,FFEKIH0,4,0
2024-07-11,NULL,,,,NULL,NULL,FKMIHA,3,0
2024-06-24,NULL,,,,NULL,NULL,HTRABS,3,0
2024-07-02,NULL,,,,NULL,NULL,SAFAYAC3,18,0
2024-06-18,NULL,,,,NULL,NULL,MAGHCHA,11,0
2024-06-11,NULL,,,,NULL,NULL,WTLIL,5,0
2024-06-24,2024-06-24,,,,FRANCHISE,Franchise EL Aouina,BWAEL,1,1
2024-06-13,NULL,,,,NULL,NULL,WTLIL,4,0
2024-07-08,2024-07-08,,,,FRANCHISE,Franchise Cite Riadh,AYSANA,1,1
2024-07-08,NULL,,,,NULL,NULL,BOUGOK,13,0
2024-07-10,2024-07-10,,,,BOUTIQUE,Boutique Habib Bourguiba,SGROUZ0,1,1
2024-06-21,NULL,,,,NULL,NULL,BAGARME,6,0
2024-07-05,2024-07-05,,,,BOUTIQUE,Boutique Marsa,KCHEBLI,1,1
2024-07-18,2024-07-18,,,,FRANCHISE,Franchise Zaghouane,SWMBA,1,1
2024-07-01,2024-07-01,,,,BOUTIQUE,Boutique Central Park,WTEBOU0,1,1
2024-07-08,2024-07-08,,,,BOUTIQUE,Boutique Kef,THABETLI,4,4
2024-06-20,NULL,,,,NULL,NULL,NABOUALL,4,0
2024-07-23,NULL,,,,NULL,NULL,CHEAML,2,0
2024-06-19,NULL,,,,NULL,NULL,TORHI,7,0
2024-07-13,NULL,,,,NULL,NULL,NOMAY,4,0
2024-07-18,NULL,,,,NULL,NULL,MAMDOUN0,5,0
2024-07-13,NULL,,,,NULL,NULL,ENISLEM,6,0
2024-07-06,NULL,,,,NULL,NULL,NSAYAR0,5,0
2024-07-09,NULL,,,,NULL,NULL,TABAHRI,3,0
2024-07-06,NULL,,,,NULL,NULL,AHMELC,2,0
2024-06-12,NULL,,,,NULL,NULL,YOSGHARB,2,0
2024-06-28,NULL,,,,NULL,NULL,AKADR,13,0
2024-06-17,NULL,,,,NULL,NULL,BEFERCHI,4,0
2024-07-04,NULL,,,,NULL,NULL,SMAHR,7,0
2024-07-18,2024-07-18,,,,FRANCHISE,Franchise Sahloul,TABAHRI,1,1
2024-07-19,NULL,,,,NULL,NULL,AAMEUR0,8,0
2024-07-23,NULL,,,,NULL,NULL,RBENLAKH,1,0
2024-07-08,2024-07-08,,,,FRANCHISE,Franchise Cite El Ghazella,EZZIYO,2,2
2024-06-27,NULL,,,,NULL,NULL,SRIM,12,0
2024-07-02,NULL,,,,NULL,NULL,ORHOUM,19,0
2024-07-04,NULL,,,,NULL,NULL,HSONIA,11,0
2024-06-19,2024-06-19,,,,LAB2.0,LAB 2.0 Telecom Express,WFRAJC,1,1
2024-06-15,NULL,,,,NULL,NULL,TORHI,11,0
2024-07-18,NULL,,,,NULL,NULL,GHANWC,9,0
2024-06-11,NULL,,,,NULL,NULL,BELMAN,9,0
2024-07-19,NULL,,,,NULL,NULL,WTLIL,1,0
2024-06-10,NULL,,,,NULL,NULL,RAHOLF,6,0
2024-06-29,NULL,,,,NULL,NULL,FCHETTA,3,0
2024-07-19,NULL,,,,NULL,NULL,MTRABB,6,0
2024-06-26,NULL,,,,NULL,NULL,SHBIB,1,0
2024-06-13,NULL,,,,NULL,NULL,MESSNB,2,0
2024-06-13,NULL,,,,NULL,NULL,MLAZRE0,2,0
2024-06-12,NULL,,,,NULL,NULL,SSALW,5,0
2024-07-11,NULL,,,,NULL,NULL,SAYWALD,1,0
2024-06-13,NULL,,,,NULL,NULL,ABCHNDI,4,0
2024-07-23,2024-07-23,,,,FRANCHISE,Franchise Borj el Wzir,MOSYNE,1,1
2024-07-23,2024-07-23,,,,FRANCHISE,Franchise Jerba Midoun,WTLIL,1,1
2024-06-15,NULL,,,,NULL,NULL,ICSAC,2,0
2024-07-18,NULL,,,,NULL,NULL,ASAHLI,6,0
2024-07-06,NULL,,,,NULL,NULL,AGHRIB0,8,0
2024-06-26,NULL,,,,NULL,NULL,MARRMAL,1,0
2024-06-29,NULL,,,,NULL,NULL,RAMMARN,11,0
2024-06-26,NULL,,,,NULL,NULL,ZORRIC,5,0
2024-06-14,NULL,,,,NULL,NULL,LAYONS,3,0
2024-06-24,NULL,,,,NULL,NULL,ABARG,10,0
2024-07-13,NULL,,,,NULL,NULL,MBENNA0,4,0
2024-06-13,NULL,,,,NULL,NULL,DFATM,2,0
2024-07-23,NULL,,,,NULL,NULL,DFATM,2,0
2024-06-18,NULL,,,,NULL,NULL,AMCHRN,14,0
2024-06-26,NULL,,,,NULL,NULL,FFEKIH0,4,0
2024-07-11,NULL,,,,NULL,NULL,MALABIED,12,0
2024-06-14,NULL,,,,NULL,NULL,HANKAK,6,0
2024-06-14,NULL,,,,NULL,NULL,BHSLAH,6,0
2024-06-10,NULL,,,,NULL,NULL,MAYMOHS,6,0
2024-06-11,NULL,,,,NULL,NULL,BEFERCHI,3,0
2024-07-11,NULL,,,,NULL,NULL,IKHEMIRI,5,0
2024-06-24,2024-06-24,,,,LAB2.0,LAB PHONE PLUS,GHANWC,1,1
2024-07-05,NULL,,,,NULL,NULL,MAMDOUN0,8,0
2024-07-17,2024-07-17,,,,FRANCHISE,Franchise Fouchana,YOMAIM,1,1
2024-07-13,NULL,,,,NULL,NULL,RFREDJ0,2,0
2024-07-04,NULL,,,,NULL,NULL,ABDGACHA,4,0
2024-07-12,NULL,,,,NULL,NULL,CMORCHC,7,0
2024-06-25,NULL,,,,NULL,NULL,CSOUID,11,0
2024-06-28,NULL,,,,NULL,NULL,TRIKIMC,8,0
2024-07-12,NULL,,,,NULL,NULL,YELKAM,12,0
2024-07-11,2024-07-11,,,,FRANCHISE,Franchise Hammamet,YOSGHARB,1,1
2024-06-15,2024-06-15,,,,FRANCHISE,Franchise Gabes,BAROMDH,2,2
2024-07-09,NULL,,,,NULL,NULL,DARZN,3,0
2024-06-12,NULL,,,,NULL,NULL,WDEBIRA,5,0
2024-07-05,NULL,,,,NULL,NULL,NBEJI,5,0
2024-06-24,NULL,,,,NULL,NULL,CMORCHC,2,0
2024-07-02,NULL,,,,NULL,NULL,FANTASY,16,0
2024-07-17,NULL,,,,NULL,NULL,GHANA,8,0
2024-07-04,NULL,,,,NULL,NULL,SOFEZAI,32,0
2024-07-06,NULL,,,,NULL,NULL,ANESSRN,9,0
2024-07-20,NULL,,,,NULL,NULL,MAMAMO,3,0
2024-07-17,NULL,,,,NULL,NULL,ZEBASSEM,7,0
2024-07-17,NULL,,,,NULL,NULL,SBNENI,1,0
2024-06-24,NULL,,,,NULL,NULL,HZYDS,2,0
2024-07-16,NULL,,,,NULL,NULL,HZYDS,3,0
2024-07-19,2024-07-19,,,,FRANCHISE,Franchise Ettadhamen,CHETOR,1,1
2024-06-27,NULL,,,,NULL,NULL,NBEJI,10,0
2024-07-12,NULL,,,,NULL,NULL,AMGHAM,8,0
2024-07-18,NULL,,,,NULL,NULL,BWAEL,8,0
2024-07-17,NULL,,,,NULL,NULL,BMUSFAKH,9,0
2024-06-20,NULL,,,,NULL,NULL,OMOEZ0,4,0
2024-06-25,NULL,,,,NULL,NULL,MBENNA0,7,0
2024-07-19,NULL,,,,NULL,NULL,EZZINC,8,0
2024-06-28,NULL,,,,NULL,NULL,MGHALB,13,0
2024-06-26,NULL,,,,NULL,NULL,DHAMOUDA,14,0
2024-07-16,NULL,,,,NULL,NULL,BWAEL,10,0
2024-07-01,NULL,,,,NULL,NULL,SSKANDRA,10,0
2024-07-08,2024-07-08,,,,BOUTIQUE,Boutique Tozeur,HCHEBB,1,1
2024-06-19,NULL,,,,NULL,NULL,CHOKOST,8,0
2024-07-08,NULL,,,,NULL,NULL,IJLASSI,10,0
2024-07-07,NULL,,,,NULL,NULL,AMCHRN,16,0
2024-07-06,NULL,,,,NULL,NULL,OUHMID,10,0
2024-06-19,NULL,,,,NULL,NULL,DHAMOUDA,17,0
2024-06-19,NULL,,,,NULL,NULL,GTAREK,13,0
2024-06-27,NULL,,,,NULL,NULL,SAYWALD,11,0
2024-06-18,2024-06-18,,,,LAB2.0,LAB STE TECHNO TOP,BENSLATF,2,2
2024-06-10,NULL,,,,NULL,NULL,TASILI,1,0
2024-06-26,NULL,,,,NULL,NULL,HJEJAO,3,0
2024-07-19,NULL,,,,NULL,NULL,RBAHRI3,2,0
2024-07-03,2024-07-03,,,,FRANCHISE,Franchise Lac II,KDRID,1,1
2024-07-04,NULL,,,,NULL,NULL,BENAHM,10,0
2024-07-16,2024-07-16,,,,LAB2.0,LAB2.0 GSM ARENA,MHOTHM,1,1
2024-07-18,NULL,,,,NULL,NULL,MMABSOUT,1,0
2024-07-13,NULL,,,,NULL,NULL,HWIDED,3,0
2024-06-28,NULL,,,,NULL,NULL,MBOUB,3,0
2024-07-01,NULL,,,,NULL,NULL,RSLATNI,3,0
2024-07-17,2024-07-17,,,,BOUTIQUE,Boutique Sousse 2,IBTOUIL,1,1
2024-06-24,NULL,,,,NULL,NULL,MAMRI,19,0
2024-07-06,NULL,,,,NULL,NULL,MCHATEUR,15,0
2024-07-12,NULL,,,,NULL,NULL,MESSNB,11,0
2024-06-19,NULL,,,,NULL,NULL,BNOUIR0,12,0
2024-06-13,NULL,,,,NULL,NULL,YELKAM,8,0
2024-06-24,NULL,,,,NULL,NULL,HHDHILI2,5,0
2024-06-25,NULL,,,,NULL,NULL,HMRYAM,9,0
2024-07-04,NULL,,,,NULL,NULL,RIMIHB,23,0
2024-07-16,NULL,,,,NULL,NULL,OKBI,20,0
2024-07-08,2024-07-08,,,,FRANCHISE,Franchise Borj el Wzir,ASOUID,2,2
2024-06-27,NULL,,,,NULL,NULL,OUMDHOK,4,0
2024-07-05,2024-07-05,,,,BOUTIQUE,Boutique Sfax 1,FKBEILI,1,1
2024-07-08,2024-07-08,,,,BOUTIQUE,Boutique Ezzahra,TBELKAHL,2,2
2024-07-19,NULL,,,,NULL,NULL,FKAHWAJI,2,0
2024-07-20,NULL,,,,NULL,NULL,MAMRI,5,0
2024-06-19,NULL,,,,NULL,NULL,ALABID,7,0
2024-07-03,NULL,,,,NULL,NULL,MBHASSEM,12,0
2024-07-17,NULL,,,,NULL,NULL,BETTBILE,7,0
2024-07-11,NULL,,,,NULL,NULL,EZZIYO,6,0
2024-07-02,NULL,,,,NULL,NULL,HHNEBT,14,0
2024-06-18,NULL,,,,NULL,NULL,ABIRTAR,6,0
2024-06-10,NULL,,,,NULL,NULL,KHMON,3,0
2024-07-10,2024-07-10,,,,FRANCHISE,Franchise Moknine,MMAGRN,2,2
2024-07-03,NULL,,,,NULL,NULL,BOUBAAN,22,0
2024-07-17,NULL,,,,NULL,NULL,MASBRN,7,0
2024-07-12,NULL,,,,NULL,NULL,MMOUSSI,23,0
2024-06-24,NULL,,,,NULL,NULL,AAYOUC,14,0
2024-06-21,NULL,,,,NULL,NULL,MAMDOUN0,6,0
2024-06-20,NULL,,,,NULL,NULL,HGHANNO,12,0
2024-06-25,NULL,,,,NULL,NULL,ZMAZIZ,5,0
2024-06-22,2024-06-22,,,,BOUTIQUE,Boutique Beja,MBALTI2,1,1
2024-06-17,NULL,,,,NULL,NULL,AGODDI,1,0
2024-07-05,2024-07-05,,,,BOUTIQUE,Boutique Sousse 2,SEAMRI,2,2
2024-07-12,NULL,,,,NULL,NULL,RABAMA,8,0
2024-07-05,NULL,,,,NULL,NULL,RACHAM,49,0
2024-07-20,NULL,,,,NULL,NULL,HMRYAM,1,0
2024-06-07,NULL,,,,NULL,NULL,ABRGZC,26,0
2024-07-08,NULL,,,,NULL,NULL,MRDHFC,15,0
2024-06-29,NULL,,,,NULL,NULL,MBENNA0,7,0
2024-06-26,NULL,,,,NULL,NULL,OUMZC,6,0
2024-07-04,NULL,,,,NULL,NULL,ACHOUC,9,0
2024-07-08,NULL,,,,NULL,NULL,IMREJEB,2,0
2024-07-20,NULL,,,,NULL,NULL,HGHDA,2,0
2024-06-23,NULL,,,,NULL,NULL,KHMILA,2,0
2024-06-13,NULL,,,,NULL,NULL,CHSBAI,1,0
2024-06-11,NULL,,,,NULL,NULL,MMOKNI0,4,0
2024-06-22,NULL,,,,NULL,NULL,JAAICH,9,0
2024-07-01,NULL,,,,NULL,NULL,AHAMZA,10,0
2024-06-10,NULL,,,,NULL,NULL,GUIEAMN,8,0
2024-06-28,NULL,,,,NULL,NULL,MAMDOUN0,21,0
2024-07-11,2024-07-11,,,,LAB2.0,LAB Menzel Temime,HMRYAM,3,3
2024-07-02,NULL,,,,NULL,NULL,FKMIHA,8,0
2024-06-22,NULL,,,,NULL,NULL,TABAHRI,1,0
2024-07-18,2024-07-18,,,,FRANCHISE,Franchise Manouba,RIAH,2,2
2024-07-10,NULL,,,,NULL,NULL,RFERIA0,4,0
2024-06-08,NULL,,,,NULL,NULL,NRIMR,13,0
2024-06-26,NULL,,,,NULL,NULL,HABHAB,16,0
2024-07-18,NULL,,,,NULL,NULL,SOUHMD,5,0
2024-07-03,NULL,,,,NULL,NULL,MTRAB,9,0
2024-06-19,NULL,,,,NULL,NULL,MAYKHILF,5,0
2024-06-21,NULL,,,,NULL,NULL,MBALDI,7,0
2024-07-06,NULL,,,,NULL,NULL,BANIS,3,0
2024-06-08,NULL,,,,NULL,NULL,HTRABS,2,0
2024-06-18,NULL,,,,NULL,NULL,BADRHAS,6,0
2024-07-04,NULL,,,,NULL,NULL,AARBIA,21,0
2024-07-03,2024-07-03,,,,BOUTIQUE,Boutique Medenine,ICHLOUH,1,1
2024-07-17,NULL,,,,NULL,NULL,HGANNO0,2,0
2024-07-11,NULL,,,,NULL,NULL,MTHLAMN,5,0
2024-07-08,2024-07-08,,,,FRANCHISE,Franchise Av Londre,RMADI,4,4
2024-06-14,NULL,,,,NULL,NULL,RMERIEM,2,0
2024-06-10,NULL,,,,NULL,NULL,MDASBRI,6,0
2024-06-26,NULL,,,,NULL,NULL,MEALJRAD,4,0
2024-07-05,2024-07-05,,,,BOUTIQUE,Boutique Sfax 1,FHAMMA0,1,1
2024-07-06,2024-07-06,,,,FRANCHISE,Franchise Sousse 1,GMARW,4,4
2024-07-06,NULL,,,,NULL,NULL,MANRIHB,7,0
2024-06-20,NULL,,,,NULL,NULL,LAJMC,5,0
2024-07-10,2024-07-10,,,,BOUTIQUE,Boutique Marsa,AGHODH0,1,1
2024-06-26,2024-06-26,,,,FRANCHISE,Franchise Ennaser 2,CHSBAI,1,1
2024-06-28,NULL,,,,NULL,NULL,AKMAL,3,0
2024-07-12,2024-07-12,,,,BOUTIQUE,Boutique Bizerte,RAJARIA,1,1
2024-06-07,NULL,,,,NULL,NULL,TSAYRI,11,0
2024-06-07,NULL,,,,NULL,NULL,ABARH,17,0
2024-06-29,2024-06-29,,,,FRANCHISE,Franchise Ettadhamen,HABHAB,1,1
2024-06-27,NULL,,,,NULL,NULL,AMELKI,17,0
2024-06-21,NULL,,,,NULL,NULL,MLAHWE0,4,0
2024-07-16,NULL,,,,NULL,NULL,ABRGZC,8,0
2024-07-03,NULL,,,,NULL,NULL,MAKHLFC,20,0
2024-06-26,NULL,,,,NULL,NULL,MAYKHILF,9,0
2024-07-02,NULL,,,,NULL,NULL,KACHOUR,8,0
2024-07-20,NULL,,,,NULL,NULL,MOTRABNA,11,0
2024-07-09,NULL,,,,NULL,NULL,KHANAC,6,0
2024-07-05,NULL,,,,NULL,NULL,MJBENA,24,0
2024-07-04,2024-07-04,,,,BOUTIQUE,Boutique Kairouan,ISAOUDI,1,1
2024-07-05,NULL,,,,NULL,NULL,BAGARME,4,0
2024-07-16,NULL,,,,NULL,NULL,MSOUBA,2,0
2024-06-08,NULL,,,,NULL,NULL,ELKRAB,1,0
2024-07-16,NULL,,,,NULL,NULL,HCHEBB,4,0
2024-06-25,NULL,,,,NULL,NULL,ELJBJ,2,0
2024-06-20,NULL,,,,NULL,NULL,OKBI,21,0
2024-06-14,NULL,,,,NULL,NULL,LAJMC,4,0
2024-07-05,NULL,,,,NULL,NULL,GANDHE,19,0
2024-06-19,NULL,,,,NULL,NULL,RAHANB,9,0
2024-07-02,NULL,,,,NULL,NULL,ANAWR,7,0
2024-07-01,NULL,,,,NULL,NULL,FHAMMA0,15,0
2024-06-13,NULL,,,,NULL,NULL,BMOUA,4,0
2024-06-19,NULL,,,,NULL,NULL,CHSBAI,1,0
2024-07-19,NULL,,,,NULL,NULL,THAJJ,10,0
2024-06-18,NULL,,,,NULL,NULL,ALEGHA,5,0
2024-06-19,2024-06-19,,,,BOUTIQUE,Boutique Central Park,RIADSH,1,1
2024-06-18,NULL,,,,NULL,NULL,NAJSAF,7,0
2024-07-01,2024-07-01,,,,BOUTIQUE,Boutique Ezzahra,MLAZRE0,1,1
2024-07-20,NULL,,,,NULL,NULL,MAZLHI,15,0
2024-06-29,NULL,,,,NULL,NULL,OUHMID,15,0
2024-07-12,2024-07-12,,,,BOUTIQUE,Boutique Medenine,STABBASI,3,3
2024-07-05,NULL,,,,NULL,NULL,MAKHLFC,9,0
2024-07-01,2024-07-01,,,,BOUTIQUE,Boutique Marsa,CHOKOST,1,1
2024-07-06,NULL,,,,NULL,NULL,BENSLATF,20,0
2024-06-18,NULL,,,,NULL,NULL,MCHARFA,1,0
2024-07-01,NULL,,,,NULL,NULL,MAMAMO,14,0
2024-06-28,2024-06-28,,,,FRANCHISE,Franchise Ben Arous,SEOUAYM,1,1
2024-06-11,NULL,,,,NULL,NULL,RIMIHB,8,0
2024-07-04,NULL,,,,NULL,NULL,MBALDI,54,0
2024-07-05,NULL,,,,NULL,NULL,AHBOUA,13,0
2024-07-08,NULL,,,,NULL,NULL,MCHATEUR,14,0
2024-07-01,NULL,,,,NULL,NULL,STABBASI,8,0
2024-06-25,NULL,,,,NULL,NULL,DRIDSF,16,0
2024-07-19,NULL,,,,NULL,NULL,OKBI,15,0
2024-07-16,NULL,,,,NULL,NULL,NHMISS,5,0
2024-06-08,NULL,,,,NULL,NULL,ZGARA0,1,0
2024-06-08,NULL,,,,NULL,NULL,GHANMOU,6,0
2024-07-05,NULL,,,,NULL,NULL,MMABSOUT,9,0
2024-07-02,NULL,,,,NULL,NULL,RMSERN,16,0
2024-06-22,NULL,,,,NULL,NULL,MBOUBA0,3,0
2024-07-01,NULL,,,,NULL,NULL,HNALI,3,0
2024-07-02,2024-07-02,,,,LAB2.0,LAB ABIRIGA SVCE GSM,ABRGZC,3,3
2024-06-10,NULL,,,,NULL,NULL,SAINAZH,5,0
2024-06-22,NULL,,,,NULL,NULL,STABBASI,3,0
2024-07-11,2024-07-11,,,,FRANCHISE,Franchise Ben Arous,SBZOUITA,1,1
2024-07-09,2024-07-09,,,,LAB2.0,LAB TABARKA GSM,SAINAZH,1,1
2024-07-08,2024-07-08,,,,FRANCHISE,Franchise Douar Hicher,NAHAJR,1,1
2024-07-02,NULL,,,,NULL,NULL,RSLATNI,7,0
2024-07-19,NULL,,,,NULL,NULL,BMOUA,7,0
2024-07-03,2024-07-03,,,,BOUTIQUE,Boutique Marsa,RABACHTO,1,1
2024-07-03,NULL,,,,NULL,NULL,IMENZAOU,11,0
2024-07-13,NULL,,,,NULL,NULL,SHAJER,3,0
2024-07-10,NULL,,,,NULL,NULL,GSOUHAI,1,0
2024-07-23,2024-07-23,,,,LAB2.0,LAB 2.0 univers gsm ghardimaou,KHANAC,1,1
2024-07-18,NULL,,,,NULL,NULL,BACCWC,9,0
2024-07-06,NULL,,,,NULL,NULL,THABETLI,8,0
2024-06-20,NULL,,,,NULL,NULL,MJBENA,5,0
2024-07-02,2024-07-02,,,,FRANCHISE,Franchise Hammamet,AHBOUA,1,1
2024-06-26,NULL,,,,NULL,NULL,BASABRIN,13,0
2024-06-27,NULL,,,,NULL,NULL,BAHYSFC,1,0
2024-07-19,NULL,,,,NULL,NULL,RALOUS,3,0
2024-06-15,NULL,,,,NULL,NULL,ASAHLI,4,0
2024-06-07,NULL,,,,NULL,NULL,YEDDY,4,0
2024-06-18,NULL,,,,NULL,NULL,AJERBI0,5,0
2024-07-03,NULL,,,,NULL,NULL,SMEJBR0,11,0
2024-06-25,NULL,,,,NULL,NULL,FCHETTA,1,0
2024-07-23,NULL,,,,NULL,NULL,AMRIZK,3,0
2024-06-25,NULL,,,,NULL,NULL,MRDHFC,6,0
2024-06-11,2024-06-11,,,,BOUTIQUE,Boutique Kairouan,SDHAHRI,3,3
2024-07-04,NULL,,,,NULL,NULL,SBAHMD,27,0
2024-07-20,NULL,,,,NULL,NULL,OGANOU,3,0
2024-06-11,NULL,,,,NULL,NULL,NIDFELH,4,0
2024-06-26,NULL,,,,NULL,NULL,LWAML,2,0
2024-07-14,NULL,,,,NULL,NULL,MARSAD,2,0
2024-07-08,NULL,,,,NULL,NULL,BETTBILE,14,0
2024-07-11,NULL,,,,NULL,NULL,STRABS,5,0
2024-06-13,NULL,,,,NULL,NULL,SDHAHRI,6,0
2024-07-02,NULL,,,,NULL,NULL,MASBRN,10,0
2024-06-15,NULL,,,,NULL,NULL,IHAMDI0,6,0
2024-07-23,NULL,,,,NULL,NULL,MAMDOUN0,6,0
2024-07-17,NULL,,,,NULL,NULL,MBSAAD,8,0
2024-07-01,2024-07-01,,,,FRANCHISE,Franchise Borj el Wzir,SLHNEN,2,2
2024-06-26,NULL,,,,NULL,NULL,MBOUB,2,0
2024-06-30,NULL,,,,NULL,NULL,ELKRAB,4,0
2024-06-26,NULL,,,,NULL,NULL,RABMNL,2,0
2024-07-13,2024-07-13,,,,FRANCHISE,Franchise Jerba H Souk,MBENGHL,1,1
2024-07-11,NULL,,,,NULL,NULL,MMABSOUT,6,0
2024-07-23,NULL,,,,NULL,NULL,BENATIF,5,0
2024-07-03,NULL,,,,NULL,NULL,RBABAD,16,0
2024-06-07,2024-06-07,,,,FRANCHISE,Franchise El Manar,HRAYE,1,1
2024-07-18,NULL,,,,NULL,NULL,BOUGOK,7,0
2024-07-16,NULL,,,,NULL,NULL,AKCHINI,5,0
2024-07-03,NULL,,,,NULL,NULL,MAGHCHA,29,0
2024-06-20,NULL,,,,NULL,NULL,BALYC,10,0
2024-07-02,2024-07-02,,,,LAB2.0,LAB 2.0 TECH WORLD,ACHOUCH,1,1
2024-07-20,NULL,,,,NULL,NULL,NAHAJR,7,0
2024-07-04,NULL,,,,NULL,NULL,ABOMRN,45,0
2024-07-08,NULL,,,,NULL,NULL,THABETLI,11,0
2024-07-03,NULL,,,,NULL,NULL,ZEBASSEM,7,0
2024-07-06,NULL,,,,NULL,NULL,OUMZC,3,0
2024-07-18,NULL,,,,NULL,NULL,ANESSRN,17,0
2024-07-08,NULL,,,,NULL,NULL,ABSLH,13,0
2024-07-05,NULL,,,,NULL,NULL,CHEREY,23,0
2024-06-26,NULL,,,,NULL,NULL,ENISLEM,16,0
2024-06-27,NULL,,,,NULL,NULL,JLASSM,16,0
2024-06-20,NULL,,,,NULL,NULL,ABDGACHA,2,0
2024-06-22,2024-06-22,,,,FRANCHISE,Franchise Mourouj 1,MAYKHILF,1,1
2024-07-01,NULL,,,,NULL,NULL,MAMIR,13,0
2024-06-08,NULL,,,,NULL,NULL,WDEBIRA,2,0
2024-06-29,NULL,,,,NULL,NULL,MESSNB,15,0
2024-06-08,NULL,,,,NULL,NULL,AMATTIG,10,0
2024-07-03,NULL,,,,NULL,NULL,MAMIR,27,0
2024-07-01,NULL,,,,NULL,NULL,KACHOUR,5,0
2024-06-11,NULL,,,,NULL,NULL,ARAHAL,6,0
2024-06-15,NULL,,,,NULL,NULL,KCHEBLI,10,0
2024-07-03,2024-07-03,,,,FRANCHISE,Franchise Ettadhamen,AMCHRN,4,4
2024-07-11,NULL,,,,NULL,NULL,OUMDHOK,6,0
2024-07-20,2024-07-20,,,,FRANCHISE,Franchise Ettadhamen,RACHAM,1,1
2024-07-11,NULL,,,,NULL,NULL,MAMIR,6,0
2024-07-17,NULL,,,,NULL,NULL,FATSAHL,4,0
2024-07-13,2024-07-13,,,,FRANCHISE,Franchise Douar Hicher,BOUBAAN,1,1
2024-06-10,NULL,,,,NULL,NULL,NAJKAH,9,0
2024-06-12,NULL,,,,NULL,NULL,ALEGHA,7,0
2024-07-08,NULL,,,,NULL,NULL,JAAMAN,15,0
2024-06-10,NULL,,,,NULL,NULL,MAGHARBI,7,0
2024-07-03,2024-07-03,,,,FRANCHISE,Franchise Jerba H Souk,MLAJM,1,1
2024-06-14,2024-06-14,,,,FRANCHISE,Franchise Korba,BENZBSAM,1,1
2024-06-29,NULL,,,,NULL,NULL,MSDHRK,2,0
2024-07-03,NULL,,,,NULL,NULL,EYZGYU,33,0
2024-06-23,NULL,,,,NULL,NULL,ANASKI,2,0
2024-07-04,NULL,,,,NULL,NULL,ZSIHEM,9,0
2024-07-01,NULL,,,,NULL,NULL,DKINES,1,0
2024-07-23,NULL,,,,NULL,NULL,SBENMAN,7,0
2024-06-29,NULL,,,,NULL,NULL,ABDGACHA,4,0
2024-07-05,NULL,,,,NULL,NULL,NAICHR,6,0
2024-07-19,NULL,,,,NULL,NULL,HTRABS,11,0
2024-07-04,NULL,,,,NULL,NULL,MANJEDI,6,0
2024-06-12,NULL,,,,NULL,NULL,SWMBA,10,0
2024-06-24,NULL,,,,NULL,NULL,KDRID,7,0
2024-06-27,2024-06-27,,,,FRANCHISE,Franchise Ettadhamen,AMCHRN,1,1
2024-06-26,NULL,,,,NULL,NULL,GSOUHAI,1,0
2024-07-23,2024-07-23,,,,BOUTIQUE,Boutique Lafayette,SMAHR,1,1
2024-07-02,NULL,,,,NULL,NULL,YGUBL,10,0
2024-07-18,NULL,,,,NULL,NULL,CSOUID,9,0
2024-06-21,NULL,,,,NULL,NULL,AGHRIB0,2,0
2024-07-20,NULL,,,,NULL,NULL,ZEBASSEM,6,0
2024-06-13,NULL,,,,NULL,NULL,GUIEAMN,5,0
2024-07-12,NULL,,,,NULL,NULL,MAKRAFI,7,0
2024-07-05,NULL,,,,NULL,NULL,KAAROUI,14,0
2024-06-25,NULL,,,,NULL,NULL,GASSOM,4,0
2024-07-07,NULL,,,,NULL,NULL,CYJAAF,9,0
2024-07-23,NULL,,,,NULL,NULL,ELJBJ,3,0
2024-07-13,2024-07-13,,,,BOUTIQUE,Boutique Sfax 1,MCHERI0,1,1
2024-07-12,NULL,,,,NULL,NULL,SBALIN,6,0
2024-07-13,NULL,,,,NULL,NULL,NKATK,2,0
2024-06-21,NULL,,,,NULL,NULL,CHICHAGC,5,0
2024-07-12,NULL,,,,NULL,NULL,OUHMID,11,0
2024-07-06,2024-07-06,,,,FRANCHISE,Franchise Kelibia,HHNEBT,1,1
2024-06-07,NULL,,,,NULL,NULL,GSASSI,2,0
2024-07-23,NULL,,,,NULL,NULL,JABWID,5,0
2024-06-12,NULL,,,,NULL,NULL,MHAMMEMI,2,0
2024-06-25,NULL,,,,NULL,NULL,WELAIFC,10,0
2024-06-21,NULL,,,,NULL,NULL,IKHEMIRI,5,0
2024-06-18,NULL,,,,NULL,NULL,SMOUSA,1,0
2024-07-14,NULL,,,,NULL,NULL,MTURKC,4,0
2024-07-13,2024-07-13,,,,BOUTIQUE,Boutique Gabes,IMREJEB,1,1
2024-06-26,NULL,,,,NULL,NULL,FABELKH,6,0
2024-06-26,2024-06-26,,,,BOUTIQUE,Boutique Medenine,NMESSOUD,1,1
2024-06-28,NULL,,,,NULL,NULL,BHAYOU0,9,0
2024-06-26,NULL,,,,NULL,NULL,RFREDJ0,4,0
2024-07-04,NULL,,,,NULL,NULL,ARAHAL,10,0
2024-07-08,2024-07-08,,,,BOUTIQUE,Boutique Bizerte,ZBHSLAH,2,2
2024-06-10,NULL,,,,NULL,NULL,BBINZART,16,0
2024-06-07,NULL,,,,NULL,NULL,AMATTIG,9,0
2024-06-27,NULL,,,,NULL,NULL,CMORCHC,6,0
2024-07-04,NULL,,,,NULL,NULL,NABOUALL,6,0
2024-06-15,2024-06-15,,,,LAB2.0,LAB 2.0 Haitham Gsm,HAMAMC,1,1
2024-07-02,2024-07-02,,,,BOUTIQUE,Boutique Medenine,NIDFELH,2,2
2024-07-12,NULL,,,,NULL,NULL,BEYASS,3,0
2024-06-19,2024-06-19,,,,FRANCHISE,Franchise Ennaser 2,ALABID,1,1
2024-06-14,NULL,,,,NULL,NULL,KANIS,5,0
2024-06-19,NULL,,,,NULL,NULL,ASOUID,9,0
2024-07-16,2024-07-16,,,,BOUTIQUE,Boutique Sfax 2,YAHAML,1,1
2024-06-27,NULL,,,,NULL,NULL,ABARH,14,0
2024-06-10,NULL,,,,NULL,NULL,CHEREY,14,0
2024-07-06,NULL,,,,NULL,NULL,AISSNC,14,0
2024-06-11,NULL,,,,NULL,NULL,NGHARB0,5,0
2024-06-12,NULL,,,,NULL,NULL,RMADI,8,0
2024-06-20,NULL,,,,NULL,NULL,BNOUIR0,10,0
2024-06-18,NULL,,,,NULL,NULL,CYJAAF,6,0
2024-07-23,NULL,,,,NULL,NULL,KHSOUD,13,0
2024-06-08,NULL,,,,NULL,NULL,SONBAOU,3,0
2024-06-12,NULL,,,,NULL,NULL,ALSEIF,5,0
2024-06-27,2024-06-27,,,,BOUTIQUE,Boutique Kef,BKHAOUL,4,4
2024-07-19,NULL,,,,NULL,NULL,GHAWS,5,0
2024-06-11,NULL,,,,NULL,NULL,FRIHOL,1,0
2024-07-18,2024-07-18,,,,FRANCHISE,Franchise Cite El Ghazella,EZZIYO,1,1
2024-07-20,NULL,,,,NULL,NULL,CHERKM,1,0
2024-07-13,2024-07-13,,,,FRANCHISE,Franchise Ariana,CHAIMA,1,1
2024-07-18,NULL,,,,NULL,NULL,SEOUAYM,2,0
2024-06-14,NULL,,,,NULL,NULL,MRKYASS,4,0
2024-07-06,NULL,,,,NULL,NULL,BETTBILE,7,0
2024-07-19,NULL,,,,NULL,NULL,FANTASY,10,0
2024-06-18,NULL,,,,NULL,NULL,MBHASSEM,2,0
2024-06-27,NULL,,,,NULL,NULL,BLOUAY,9,0
2024-06-15,NULL,,,,NULL,NULL,WKATOUI,3,0
2024-06-19,NULL,,,,NULL,NULL,SOFEZAI,6,0
2024-06-08,NULL,,,,NULL,NULL,JEMMHD,3,0
2024-07-01,NULL,,,,NULL,NULL,CSOUID,26,0
2024-06-22,NULL,,,,NULL,NULL,NANIS,1,0
2024-06-24,NULL,,,,NULL,NULL,RMADI,8,0
2024-06-25,NULL,,,,NULL,NULL,BMOUA,14,0
2024-06-22,2024-06-22,,,,BOUTIQUE,Boutique Sfax 2,ARKHIS,2,2
2024-07-05,NULL,,,,NULL,NULL,ILYBEJA,1,0
2024-07-17,2024-07-17,,,,FRANCHISE,Franchise Av Londre,AARBIA,2,2
2024-06-15,2024-06-15,,,,FRANCHISE,Franchise Sousse 1,GMARW,1,1
2024-07-03,NULL,,,,NULL,NULL,HNALI,2,0
2024-06-22,NULL,,,,NULL,NULL,RMADI,7,0
2024-07-19,NULL,,,,NULL,NULL,CFASSA0,6,0
2024-07-01,NULL,,,,NULL,NULL,MANJEDI,5,0
2024-06-20,NULL,,,,NULL,NULL,SEAMRI,8,0
2024-06-20,NULL,,,,NULL,NULL,MRAIAC,18,0
2024-06-10,NULL,,,,NULL,NULL,HBENMA0,7,0
2024-06-29,NULL,,,,NULL,NULL,RFERIA0,6,0
2024-07-09,NULL,,,,NULL,NULL,MTRABB,3,0
2024-07-06,NULL,,,,NULL,NULL,ASOUID,11,0
2024-06-11,NULL,,,,NULL,NULL,GHAWS,7,0
2024-07-17,NULL,,,,NULL,NULL,MCHATEUR,11,0
2024-07-03,NULL,,,,NULL,NULL,IMOULDI,22,0
2024-07-04,NULL,,,,NULL,NULL,SOUSAF,19,0
2024-07-18,NULL,,,,NULL,NULL,BADRHAS,7,0
2024-07-18,NULL,,,,NULL,NULL,RMADI,6,0
2024-07-09,NULL,,,,NULL,NULL,FCHOUCHA,6,0
2024-07-17,NULL,,,,NULL,NULL,BMOUA,12,0
2024-06-21,NULL,,,,NULL,NULL,ARAHAL,2,0
2024-06-08,NULL,,,,NULL,NULL,MHOTHM,8,0
2024-06-08,NULL,,,,NULL,NULL,RALOUS,6,0
2024-06-11,NULL,,,,NULL,NULL,RZARKO0,5,0
2024-06-28,NULL,,,,NULL,NULL,DORKC,1,0
2024-06-24,NULL,,,,NULL,NULL,KKHIAC,10,0
2024-07-18,NULL,,,,NULL,NULL,BNESR,6,0
2024-07-03,NULL,,,,NULL,NULL,MCHATEUR,11,0
2024-07-03,2024-07-03,,,,FRANCHISE,Franchise Ben Arous,HSONIA,2,2
2024-06-07,NULL,,,,NULL,NULL,JLAGHLOU,8,0
2024-07-01,NULL,,,,NULL,NULL,OGANOU,9,0
2024-07-10,2024-07-10,,,,FRANCHISE,Franchise Ben Arous,SBZOUITA,1,1
2024-06-13,NULL,,,,NULL,NULL,ABOUC,3,0
2024-06-20,NULL,,,,NULL,NULL,FKBEILI,10,0
2024-07-11,2024-07-11,,,,LAB2.0,LAB TABARKA GSM,NHMISS,2,2
2024-06-25,2024-06-25,,,,FRANCHISE,Franchise Kram,BELLAML,3,3
2024-06-22,2024-06-22,,,,BOUTIQUE,Boutique Kairouan,ECHERIF,1,1
2024-06-12,NULL,,,,NULL,NULL,AROUESLA,1,0
2024-06-21,NULL,,,,NULL,NULL,MRHAI,6,0
2024-07-01,NULL,,,,NULL,NULL,CFASSA0,4,0
2024-07-18,2024-07-18,,,,FRANCHISE,Franchise Kasserine,MTHOU,1,1
2024-07-10,NULL,,,,NULL,NULL,RBABAD,6,0
2024-07-19,NULL,,,,NULL,NULL,MFRAD,8,0
2024-07-17,NULL,,,,NULL,NULL,GUIDRNIS,2,0
2024-07-06,2024-07-06,,,,BOUTIQUE,Boutique Lafayette,BANIS,1,1
2024-07-23,2024-07-23,,,,FRANCHISE,Franchise Mateur,AMALF,1,1
2024-06-22,NULL,,,,NULL,NULL,MBSAAD,3,0
2024-06-18,NULL,,,,NULL,NULL,BENSLATF,19,0
2024-07-09,NULL,,,,NULL,NULL,ELKRAB,1,0
2024-06-10,NULL,,,,NULL,NULL,SBASMA,10,0
2024-07-01,NULL,,,,NULL,NULL,HGHANNO,21,0
2024-06-11,2024-06-11,,,,BOUTIQUE,Boutique Ezzahra,ZMAZIZ,1,1
2024-07-02,NULL,,,,NULL,NULL,FCHOUCHA,19,0
2024-06-21,NULL,,,,NULL,NULL,HSONIA,9,0
2024-07-01,NULL,,,,NULL,NULL,ZMAZIZ,12,0
2024-06-25,NULL,,,,NULL,NULL,ADJEBI,12,0
2024-07-03,NULL,,,,NULL,NULL,SMAKHL0,9,0
2024-06-29,NULL,,,,NULL,NULL,HBKHKD,5,0
2024-07-01,2024-07-01,,,,FRANCHISE,Franchise Ksar Helal,SONBAOU,1,1
2024-06-20,2024-06-20,,,,LAB2.0,LAB ESPACE ZAHRAA,GUIEAMN,2,2
2024-07-02,NULL,,,,NULL,NULL,JMANS,18,0
2024-06-12,NULL,,,,NULL,NULL,BNESR,5,0
2024-06-24,NULL,,,,NULL,NULL,OKBI,6,0
2024-06-28,NULL,,,,NULL,NULL,AMJEDID,2,0
2024-06-13,NULL,,,,NULL,NULL,WNEJIC,1,0
2024-07-18,NULL,,,,NULL,NULL,BOFSLC,6,0
2024-07-19,2024-07-19,,,,LAB2.0,LAB TELEPHONE STORE,EZZINC,1,1
2024-07-20,NULL,,,,NULL,NULL,MDAOUED,3,0
2024-07-16,NULL,,,,NULL,NULL,MKHAILLH,7,0
2024-07-02,NULL,,,,NULL,NULL,ARIHA,24,0
2024-06-18,NULL,,,,NULL,NULL,HZAMMOUR,2,0
2024-06-15,NULL,,,,NULL,NULL,BMOHA,10,0
2024-06-08,NULL,,,,NULL,NULL,HAMAMC,6,0
2024-06-12,NULL,,,,NULL,NULL,SONBAOU,10,0
2024-07-09,NULL,,,,NULL,NULL,OREKIK,8,0
2024-06-19,NULL,,,,NULL,NULL,NHAMMAMI,13,0
2024-06-10,NULL,,,,NULL,NULL,AMGHRB,13,0
2024-07-09,2024-07-09,,,,FRANCHISE,Franchise Ettadhamen,DOUMYM,1,1
2024-06-08,NULL,,,,NULL,NULL,SMAHR,4,0
2024-07-23,NULL,,,,NULL,NULL,CHETOR,12,0
2024-06-07,NULL,,,,NULL,NULL,SABTRAB,4,0
2024-07-12,2024-07-12,,,,FRANCHISE,Franchise Bizerte,SFERJ,3,3
2024-06-22,2024-06-22,,,,LAB2.0,LAB MEDIA PROMAX GABES,ELKRAB,1,1
2024-06-24,2024-06-24,,,,BOUTIQUE,Boutique Azur City,BELFAM,2,2
2024-07-18,NULL,,,,NULL,NULL,OGANOU,5,0
2024-06-07,NULL,,,,NULL,NULL,AKWISSL,7,0
2024-07-02,2024-07-02,,,,FRANCHISE,Franchise Fouchana,YOMAIM,3,3
2024-06-27,NULL,,,,NULL,NULL,SLIEEYA,2,0
2024-06-28,NULL,,,,NULL,NULL,ISMMRC,1,0
2024-07-09,NULL,,,,NULL,NULL,WELAIFC,6,0
2024-06-27,NULL,,,,NULL,NULL,IJLASSI,16,0
2024-07-13,NULL,,,,NULL,NULL,TMANE,7,0
2024-06-12,2024-06-12,,,,FRANCHISE,Franchise Ariana,AYCOUB,2,2
2024-06-28,NULL,,,,NULL,NULL,RAHLM,2,0
2024-06-25,NULL,,,,NULL,NULL,RFERIA0,10,0
2024-07-14,NULL,,,,NULL,NULL,BENAHM,4,0
2024-07-20,NULL,,,,NULL,NULL,BOUGOK,7,0
2024-07-03,NULL,,,,NULL,NULL,AJERBI0,10,0
2024-06-19,NULL,,,,NULL,NULL,BMOHA,5,0
2024-06-25,NULL,,,,NULL,NULL,WTLIL,3,0
2024-07-04,NULL,,,,NULL,NULL,BMATOUG,21,0
2024-07-11,NULL,,,,NULL,NULL,MAMDOUN0,2,0
2024-06-13,NULL,,,,NULL,NULL,ECHERIF,5,0
2024-07-08,2024-07-08,,,,FRANCHISE,Franchise Jerba H Souk,IHMAM,1,1
2024-07-05,NULL,,,,NULL,NULL,RAHOLF,24,0
2024-06-08,NULL,,,,NULL,NULL,NIDFELH,2,0
2024-07-20,NULL,,,,NULL,NULL,BETTBILE,10,0
2024-06-26,NULL,,,,NULL,NULL,SMAHR,2,0
2024-07-19,NULL,,,,NULL,NULL,AAYOUC,14,0
2024-07-18,NULL,,,,NULL,NULL,CHERKM,3,0
2024-06-24,2024-06-24,,,,BOUTIQUE,Boutique Marsa,AMELKI,1,1
2024-07-18,NULL,,,,NULL,NULL,HFARS,2,0
2024-06-11,NULL,,,,NULL,NULL,HSONIA,4,0
2024-06-29,2024-06-29,,,,BOUTIQUE,Boutique Jendouba,THAJJ,1,1
2024-06-07,NULL,,,,NULL,NULL,MEDANOUZ,1,0
2024-06-30,NULL,,,,NULL,NULL,AJERBI0,8,0
2024-07-17,2024-07-17,,,,BOUTIQUE,Boutique Sousse 2,RBENLAKH,1,1
2024-07-20,2024-07-20,,,,FRANCHISE,Franchise Ettadhamen,MARWLAB,1,1
2024-06-24,NULL,,,,NULL,NULL,HFARS,4,0
2024-06-18,NULL,,,,NULL,NULL,BHAIFA,4,0
2024-07-17,NULL,,,,NULL,NULL,DFATM,1,0
2024-07-13,NULL,,,,NULL,NULL,ABDGACHA,12,0
2024-06-12,NULL,,,,NULL,NULL,HWIDED,5,0
2024-06-10,NULL,,,,NULL,NULL,ECHERIF,17,0
2024-07-09,NULL,,,,NULL,NULL,CHEFO,11,0
2024-07-02,NULL,,,,NULL,NULL,YAHAML,9,0
2024-06-28,NULL,,,,NULL,NULL,IBDKHL,4,0
2024-07-08,NULL,,,,NULL,NULL,TRABAHC,1,0
2024-07-03,NULL,,,,NULL,NULL,DARZN,7,0
2024-06-08,NULL,,,,NULL,NULL,SHBIB,3,0
2024-06-27,NULL,,,,NULL,NULL,BOURHB,8,0
2024-07-10,2024-07-10,,,,FRANCHISE,Franchise Jerba H Souk,NZARROUC,1,1
2024-07-11,NULL,,,,NULL,NULL,KHERIDH,2,0
2024-07-18,2024-07-18,,,,BOUTIQUE,Boutique Sfax 2,AMAATA0,3,3
2024-06-29,2024-06-29,,,,FRANCHISE,Franchise sfax 4,BOUAZZO,1,1
2024-06-07,NULL,,,,NULL,NULL,ANASKI,3,0
2024-06-25,NULL,,,,NULL,NULL,ZARROUKN,1,0
2024-06-24,NULL,,,,NULL,NULL,SMOKTH,5,0
2024-06-28,NULL,,,,NULL,NULL,SMOUR,1,0
2024-06-19,NULL,,,,NULL,NULL,ICSAC,3,0
2024-07-17,2024-07-17,,,,FRANCHISE,Franchise Sousse 1,GMARW,1,1
2024-06-14,NULL,,,,NULL,NULL,JEMMHD,4,0
2024-07-20,NULL,,,,NULL,NULL,HFARS,3,0
2024-07-17,2024-07-17,,,,BOUTIQUE,Boutique Sfax 1,MTRABB,1,1
2024-07-17,NULL,,,,NULL,NULL,BOUBAAN,12,0
2024-07-13,2024-07-13,,,,FRANCHISE,Franchise Kram,RALOUS,1,1
2024-06-27,NULL,,,,NULL,NULL,MCHATEUR,6,0
2024-07-04,NULL,,,,NULL,NULL,STABBASI,9,0
2024-06-19,NULL,,,,NULL,NULL,KACHOUR,2,0
2024-06-11,NULL,,,,NULL,NULL,BGRIGUI,8,0
2024-06-22,NULL,,,,NULL,NULL,ENISLEM,9,0
2024-06-07,NULL,,,,NULL,NULL,SLHNEN,10,0
2024-07-17,NULL,,,,NULL,NULL,JABWID,2,0
2024-06-29,NULL,,,,NULL,NULL,RAHANB,11,0
2024-06-15,2024-06-15,,,,LAB2.0,LAB TABARKA GSM,BELMAN,1,1
2024-06-18,NULL,,,,NULL,NULL,ACHAHIR,6,0
2024-06-24,NULL,,,,NULL,NULL,BENSLATF,13,0
2024-06-30,NULL,,,,NULL,NULL,HAMAMC,7,0
2024-07-03,NULL,,,,NULL,NULL,THABETLI,9,0
2024-06-18,2024-06-18,,,,FRANCHISE,Franchise Moknine,MAMAMO,1,1
2024-07-09,NULL,,,,NULL,NULL,BASABRIN,13,0
2024-06-24,NULL,,,,NULL,NULL,BETTBILE,4,0
2024-06-14,NULL,,,,NULL,NULL,AYCOUB,3,0
2024-06-17,2024-06-17,,,,BOUTIQUE,Boutique Jendouba,MALABIED,1,1
2024-06-12,NULL,,,,NULL,NULL,JLAGHLOU,5,0
2024-06-19,NULL,,,,NULL,NULL,FKBEILI,1,0
2024-07-20,NULL,,,,NULL,NULL,LAHKHAW,8,0
2024-07-18,NULL,,,,NULL,NULL,IMOULDI,13,0
2024-06-18,NULL,,,,NULL,NULL,MCHATEUR,7,0
2024-07-18,2024-07-18,,,,FRANCHISE,Franchise Marsa 2,CSOUID,2,2
2024-07-17,NULL,,,,NULL,NULL,MOTRABNA,6,0
2024-06-12,NULL,,,,NULL,NULL,LGADHD,4,0
2024-07-06,NULL,,,,NULL,NULL,IMENZAOU,7,0
2024-06-26,NULL,,,,NULL,NULL,TABAHRI,8,0
2024-07-12,NULL,,,,NULL,NULL,CHSBAI,10,0
2024-07-20,NULL,,,,NULL,NULL,SBSSALM,6,0
2024-06-13,NULL,,,,NULL,NULL,ELBSLIMN,2,0
2024-07-13,NULL,,,,NULL,NULL,ALEGHA,6,0
2024-07-23,2024-07-23,,,,LAB2.0,PHONECOM LAB 2.0,BALYC,1,1
2024-06-07,NULL,,,,NULL,NULL,MAJRABIC,9,0
2024-07-08,NULL,,,,NULL,NULL,BMUSFAKH,15,0
2024-07-11,NULL,,,,NULL,NULL,MAKRAFI,15,0
2024-07-05,NULL,,,,NULL,NULL,AMBENAC,14,0
2024-06-29,NULL,,,,NULL,NULL,AISSNC,12,0
2024-06-08,NULL,,,,NULL,NULL,LAKZED,3,0
2024-06-11,NULL,,,,NULL,NULL,HANTOU,13,0
2024-07-13,2024-07-13,,,,FRANCHISE,Franchise Ettadhamen,CHETOR,1,1
2024-06-21,NULL,,,,NULL,NULL,FOUHICHI,3,0
2024-06-15,NULL,,,,NULL,NULL,MHJERIDI,1,0
2024-06-27,NULL,,,,NULL,NULL,SONBAOU,2,0
2024-07-19,NULL,,,,NULL,NULL,RABAMA,15,0
2024-07-12,NULL,,,,NULL,NULL,ZBESSAOU,3,0
2024-06-29,NULL,,,,NULL,NULL,MHOTHM,1,0
2024-06-07,NULL,,,,NULL,NULL,OUMDHOK,8,0
2024-07-05,NULL,,,,NULL,NULL,BWAEL,18,0
2024-06-21,2024-06-21,,,,FRANCHISE,Franchise Korba,NASRF,2,2
2024-07-02,NULL,,,,NULL,NULL,CHIMOUEJ,26,0
2024-06-28,NULL,,,,NULL,NULL,MAHERSC,1,0
2024-06-14,NULL,,,,NULL,NULL,MBAHLE0,4,0
2024-06-07,NULL,,,,NULL,NULL,OUNI,5,0
2024-07-16,NULL,,,,NULL,NULL,AMBOUFA,6,0
2024-07-02,NULL,,,,NULL,NULL,HSONIA,14,0
2024-07-04,NULL,,,,NULL,NULL,ORHOUM,23,0
2024-06-21,NULL,,,,NULL,NULL,STRABS,3,0
2024-07-17,NULL,,,,NULL,NULL,FADECH,3,0
2024-07-03,NULL,,,,NULL,NULL,RAHOLF,22,0
2024-06-27,NULL,,,,NULL,NULL,BWAEL,6,0
2024-07-05,2024-07-05,,,,BOUTIQUE,Boutique Kairouan,ISAOUDI,2,2
2024-06-21,NULL,,,,NULL,NULL,SBSSALM,2,0
2024-06-10,2024-06-10,,,,FRANCHISE,LAB2.0 GSM ARENA,MRAIAC,1,1
2024-06-21,NULL,,,,NULL,NULL,AMRIZK,6,0
2024-06-27,NULL,,,,NULL,NULL,GHANMOU,22,0
2024-06-12,NULL,,,,NULL,NULL,IJLASSI,4,0
2024-06-25,NULL,,,,NULL,NULL,HBENMA0,1,0
2024-07-09,NULL,,,,NULL,NULL,ZEBIA,6,0
2024-07-18,NULL,,,,NULL,NULL,MARWLAB,13,0
2024-06-27,2024-06-27,,,,FRANCHISE,Franchise Borj el Wzir,MOSYNE,1,1
2024-06-25,NULL,,,,NULL,NULL,ALSEIF,12,0
2024-07-12,NULL,,,,NULL,NULL,MBENGHL,6,0
2024-06-07,NULL,,,,NULL,NULL,HZYDS,4,0
2024-06-07,NULL,,,,NULL,NULL,BWAEL,5,0
2024-06-14,NULL,,,,NULL,NULL,MAYKHILF,2,0
2024-07-01,2024-07-01,,,,BOUTIQUE,Boutique Tozeur,ZEBIA,1,1
2024-06-21,NULL,,,,NULL,NULL,JAAICH,10,0
2024-06-15,NULL,,,,NULL,NULL,MGHALB,2,0
2024-07-01,NULL,,,,NULL,NULL,EHELA,14,0
2024-07-14,NULL,,,,NULL,NULL,CHETOR,5,0
2024-07-10,NULL,,,,NULL,NULL,RABEBM,2,0
2024-07-03,NULL,,,,NULL,NULL,EHELA,18,0
2024-06-26,NULL,,,,NULL,NULL,HMRIDHA,9,0
2024-06-14,NULL,,,,NULL,NULL,AGHRIB0,5,0
2024-06-26,2024-06-26,,,,BOUTIQUE,Boutique Central Park,WTEBOU0,1,1
2024-06-23,NULL,,,,NULL,NULL,KSAMIHC,3,0
2024-07-23,NULL,,,,NULL,NULL,RIMIHB,4,0
2024-07-11,NULL,,,,NULL,NULL,TONMAC,8,0
2024-07-17,NULL,,,,NULL,NULL,WTEBOU0,9,0
2024-07-09,NULL,,,,NULL,NULL,EHELA,6,0
2024-06-26,2024-06-26,,,,BOUTIQUE,Boutique Sfax 1,SARFA,1,1
2024-07-11,NULL,,,,NULL,NULL,EHELA,17,0
2024-07-23,NULL,,,,NULL,NULL,NSALLE0,4,0
2024-07-09,NULL,,,,NULL,NULL,MAJRABIC,15,0
2024-06-08,2024-06-08,,,,BOUTIQUE,Boutique Aeroport T.Carthage,WNEJIC,2,2
2024-07-12,NULL,,,,NULL,NULL,MHOTHM,5,0
2024-07-13,NULL,,,,NULL,NULL,AGHODH0,6,0
2024-06-10,NULL,,,,NULL,NULL,WELAIFC,2,0
2024-06-12,NULL,,,,NULL,NULL,ASAHLI,3,0
2024-07-16,NULL,,,,NULL,NULL,AGATTOU2,1,0
2024-07-04,2024-07-04,,,,FRANCHISE,Franchise Mourouj 4,MBALDI,6,6
2024-07-12,NULL,,,,NULL,NULL,HANKAK,1,0
2024-06-15,NULL,,,,NULL,NULL,MBHASSEM,2,0
2024-06-25,NULL,,,,NULL,NULL,SMOUR,2,0
2024-07-02,2024-07-02,,,,FRANCHISE,Franchise Kram,AISSAYN,7,7
2024-07-03,NULL,,,,NULL,NULL,TASILI,1,0
2024-07-17,NULL,,,,NULL,NULL,SBSSALM,4,0
2024-07-12,NULL,,,,NULL,NULL,SABTRAB,3,0
2024-06-08,2024-06-08,,,,FRANCHISE,Franchise Sousse 1,HIMEN,2,2
2024-07-04,NULL,,,,NULL,NULL,JAAICH,9,0
2024-06-18,NULL,,,,NULL,NULL,JAAMAN,10,0
2024-06-20,NULL,,,,NULL,NULL,AMBOUFA,15,0
2024-07-19,NULL,,,,NULL,NULL,NMESSOUD,7,0
2024-07-08,NULL,,,,NULL,NULL,ICSAC,11,0
2024-07-03,NULL,,,,NULL,NULL,IBTOUIL,8,0
2024-07-13,NULL,,,,NULL,NULL,SFERJ,3,0
2024-06-14,NULL,,,,NULL,NULL,DHMADI,3,0
2024-07-10,2024-07-10,,,,FRANCHISE,Franchise Jerba H Souk,IHMAM,1,1
2024-06-11,NULL,,,,NULL,NULL,MARBES,1,0
2024-07-11,2024-07-11,,,,BOUTIQUE,Boutique Sfax 1,HBKHKD,1,1
2024-06-19,NULL,,,,NULL,NULL,BENAMRC,27,0
2024-07-12,NULL,,,,NULL,NULL,JEMMHD,2,0
2024-06-28,NULL,,,,NULL,NULL,BGRIGUI,25,0
2024-07-06,2024-07-06,,,,FRANCHISE,Franchise Msaken,ALEGHA,1,1
2024-06-15,NULL,,,,NULL,NULL,GUIDRNIS,3,0
2024-06-30,NULL,,,,NULL,NULL,ZSLEI,1,0
2024-07-06,2024-07-06,,,,BOUTIQUE,Boutique Azur City,MRAYM,2,2
2024-07-08,NULL,,,,NULL,NULL,TAHMED,20,0
2024-06-18,NULL,,,,NULL,NULL,HIMEN,7,0
2024-06-19,2024-06-19,,,,BOUTIQUE,Boutique Mahdia,INESBESA,2,2
2024-07-03,NULL,,,,NULL,NULL,BSOUSS,15,0
2024-07-18,NULL,,,,NULL,NULL,SBSSALM,1,0
2024-07-06,NULL,,,,NULL,NULL,YMONTAC,10,0
2024-07-08,NULL,,,,NULL,NULL,ZSLEI,6,0
2024-06-24,NULL,,,,NULL,NULL,CHSBAI,7,0
2024-07-03,NULL,,,,NULL,NULL,CLOUHICH,13,0
2024-06-21,NULL,,,,NULL,NULL,ARIHA,12,0
2024-07-19,NULL,,,,NULL,NULL,GTAREK,8,0
2024-07-09,NULL,,,,NULL,NULL,MAYMOHS,7,0
2024-06-11,NULL,,,,NULL,NULL,JAAICH,3,0
2024-06-25,NULL,,,,NULL,NULL,CYJAAF,7,0
2024-06-25,2024-06-25,,,,LAB2.0,LAB SALHI COM,DARZN,2,2
2024-07-23,NULL,,,,NULL,NULL,AKADR,10,0
2024-07-10,2024-07-10,,,,BOUTIQUE,Boutique Sousse 2,SEAMRI,1,1
2024-07-07,NULL,,,,NULL,NULL,AROUESLA,2,0
2024-07-16,NULL,,,,NULL,NULL,AMGHRB,2,0
2024-06-29,NULL,,,,NULL,NULL,HHAMRN,10,0
2024-06-26,2024-06-26,,,,FRANCHISE,Franchise Kram,AISSAYN,4,4
2024-06-20,NULL,,,,NULL,NULL,RIAH,9,0
2024-06-17,NULL,,,,NULL,NULL,AKAMOUN,1,0
2024-07-19,NULL,,,,NULL,NULL,RAHLM,4,0
2024-06-22,2024-06-22,,,,LAB2.0,LAB LILI PHONE,LGHOUMA,1,1
2024-07-18,NULL,,,,NULL,NULL,SHAJER,6,0
2024-07-09,NULL,,,,NULL,NULL,JLAGHLOU,6,0
2024-07-02,NULL,,,,NULL,NULL,BSAMOU,14,0
2024-06-26,NULL,,,,NULL,NULL,ABRGZC,23,0
2024-06-23,NULL,,,,NULL,NULL,MRAIAC,2,0
2024-06-10,NULL,,,,NULL,NULL,SOUAZZ,9,0
2024-06-12,NULL,,,,NULL,NULL,GHANWC,9,0
2024-07-09,NULL,,,,NULL,NULL,ASOUID,5,0
2024-06-12,NULL,,,,NULL,NULL,SAYWALD,2,0
2024-07-11,NULL,,,,NULL,NULL,DOKOURAI,1,0
2024-06-13,NULL,,,,NULL,NULL,AAYOUC,8,0
2024-06-26,NULL,,,,NULL,NULL,MSOUBA,6,0
2024-06-26,NULL,,,,NULL,NULL,HCHEBB,10,0
2024-06-19,NULL,,,,NULL,NULL,EZZINC,9,0
2024-07-10,NULL,,,,NULL,NULL,TMANE,6,0
2024-06-20,NULL,,,,NULL,NULL,NAAOUAD,4,0
2024-06-30,NULL,,,,NULL,NULL,SOUERT0,3,0
2024-06-08,NULL,,,,NULL,NULL,MESSNB,4,0
2024-06-13,NULL,,,,NULL,NULL,MBABD,6,0
2024-06-28,NULL,,,,NULL,NULL,WTLIL,5,0
2024-07-10,NULL,,,,NULL,NULL,NAJKAH,1,0
2024-07-19,NULL,,,,NULL,NULL,NASRHL,9,0
2024-06-29,NULL,,,,NULL,NULL,BNESR,19,0
2024-07-02,NULL,,,,NULL,NULL,MMAHDHI,14,0
2024-07-09,2024-07-09,,,,FRANCHISE,Franchise Sidi Hassine,ABIRTAR,1,1
2024-06-22,NULL,,,,NULL,NULL,HAMRO,5,0
2024-07-18,NULL,,,,NULL,NULL,ZBESSAOU,1,0
2024-06-25,NULL,,,,NULL,NULL,DBSALA,7,0
2024-07-18,NULL,,,,NULL,NULL,HAMRO,2,0
2024-06-20,NULL,,,,NULL,NULL,SARFA,9,0
2024-06-10,NULL,,,,NULL,NULL,RAMMARN,20,0
2024-07-02,2024-07-02,,,,FRANCHISE,LAB 2.0 univers gsm ghardimaou,KHANAC,1,1
2024-07-20,NULL,,,,NULL,NULL,NASRF,17,0
2024-07-02,NULL,,,,NULL,NULL,FDENGUIR,1,0
2024-06-25,2024-06-25,,,,BOUTIQUE,Boutique Sfax 2,TONY,5,5
2024-07-17,NULL,,,,NULL,NULL,MDAOUED,3,0
2024-07-08,NULL,,,,NULL,NULL,MRHAI,7,0
2024-07-21,NULL,,,,NULL,NULL,FATBMC,1,0
2024-06-12,NULL,,,,NULL,NULL,HMRYAM,5,0
2024-06-27,NULL,,,,NULL,NULL,ISAOUDI,14,0
2024-06-19,NULL,,,,NULL,NULL,MHAMMEMI,6,0
2024-06-14,NULL,,,,NULL,NULL,ACHOUCH,7,0
2024-07-04,NULL,,,,NULL,NULL,ABOUC,13,0
2024-06-13,NULL,,,,NULL,NULL,ASKGHOF,1,0
2024-06-14,NULL,,,,NULL,NULL,MKHAILLH,9,0
2024-06-21,NULL,,,,NULL,NULL,MCHIKHAC,1,0
2024-06-21,NULL,,,,NULL,NULL,BGTAS,5,0
2024-06-29,2024-06-29,,,,BOUTIQUE,Boutique Gabes,SBALIN,2,2
2024-07-10,NULL,,,,NULL,NULL,BEFERCHI,1,0
2024-06-07,NULL,,,,NULL,NULL,BNESR,1,0
2024-06-26,2024-06-26,,,,FRANCHISE,Franchise Fouchana,LAMANI,1,1
2024-06-14,NULL,,,,NULL,NULL,FATSAHL,10,0
2024-07-06,NULL,,,,NULL,NULL,ABOUC,14,0
2024-06-22,NULL,,,,NULL,NULL,NBENMO0,1,0
2024-06-25,2024-06-25,,,,FRANCHISE,Franchise MANZEH6,RHABLNC,1,1
2024-06-13,NULL,,,,NULL,NULL,CBOUGH0,4,0
2024-06-21,NULL,,,,NULL,NULL,RTURK,3,0
2024-06-21,NULL,,,,NULL,NULL,SARRA,14,0
2024-06-15,NULL,,,,NULL,NULL,ARKHIS,2,0
2024-06-10,2024-06-10,,,,BOUTIQUE,Boutique Bardo,NBENMO0,1,1
2024-07-05,NULL,,,,NULL,NULL,GHZAHC,21,0
2024-06-19,NULL,,,,NULL,NULL,SARRA,9,0
2024-06-24,NULL,,,,NULL,NULL,CCHAYMA,6,0
2024-06-12,NULL,,,,NULL,NULL,MAYKHILF,1,0
2024-06-28,NULL,,,,NULL,NULL,ABOUC,5,0
2024-07-23,NULL,,,,NULL,NULL,AARBIA,5,0
2024-07-05,NULL,,,,NULL,NULL,HZYDS,5,0
2024-06-29,NULL,,,,NULL,NULL,LAYONS,7,0
2024-07-21,NULL,,,,NULL,NULL,AABDKRIM,6,0
2024-06-10,NULL,,,,NULL,NULL,FFEKIH0,6,0
2024-07-03,2024-07-03,,,,LAB2.0,LAB SALHI COM,DARZN,1,1
2024-06-24,2024-06-24,,,,BOUTIQUE,Boutique Gabes,HNALI,2,2
2024-06-19,NULL,,,,NULL,NULL,HADKHW,5,0
2024-06-11,2024-06-11,,,,BOUTIQUE,Boutique Central Park,MDAOUED,4,4
2024-06-27,NULL,,,,NULL,NULL,HZYDS,6,0
2024-06-14,NULL,,,,NULL,NULL,ANESSRN,15,0
2024-06-12,2024-06-12,,,,BOUTIQUE,Boutique Jendouba,MALABIED,1,1
2024-07-12,2024-07-12,,,,FRANCHISE,Franchise Sahloul,LMALEK,1,1
2024-07-16,NULL,,,,NULL,NULL,RABMNL,3,0
2024-06-19,NULL,,,,NULL,NULL,RBENMARK,9,0
2024-06-15,NULL,,,,NULL,NULL,RAHKH,2,0
2024-07-04,NULL,,,,NULL,NULL,GHANA,26,0
2024-06-12,NULL,,,,NULL,NULL,SLIEEYA,2,0
2024-07-20,2024-07-20,,,,FRANCHISE,Franchise sfax 4,SABTRAB,1,1
2024-06-07,NULL,,,,NULL,NULL,SBASMA,14,0
2024-07-10,NULL,,,,NULL,NULL,MELDRS,2,0
2024-06-18,NULL,,,,NULL,NULL,NAHAJR,3,0
2024-07-23,NULL,,,,NULL,NULL,MAKHLFC,10,0
2024-07-12,2024-07-12,,,,BOUTIQUE,Boutique Jendouba,SOFEZAI,2,2
2024-07-04,NULL,,,,NULL,NULL,SELAMC,12,0
2024-07-01,NULL,,,,NULL,NULL,MHMRYM,14,0
2024-07-04,NULL,,,,NULL,NULL,BEFERCHI,9,0
2024-07-12,NULL,,,,NULL,NULL,HTRABS,4,0
2024-06-29,NULL,,,,NULL,NULL,JEMMHD,11,0
2024-07-20,NULL,,,,NULL,NULL,SOUARMC,4,0
2024-06-29,NULL,,,,NULL,NULL,KMRABE0,4,0
2024-07-05,NULL,,,,NULL,NULL,SOUERT0,6,0
2024-06-15,NULL,,,,NULL,NULL,CYJAAF,11,0
2024-07-05,NULL,,,,NULL,NULL,SOUKHAO,26,0
2024-06-10,NULL,,,,NULL,NULL,BHAKIM0,5,0
2024-07-17,NULL,,,,NULL,NULL,HANTOU,6,0
2024-06-20,NULL,,,,NULL,NULL,BABCHIC,6,0
2024-06-19,2024-06-19,,,,LAB2.0,LAB ESPACE ZAHRAA,GUIEAMN,1,1
2024-06-24,2024-06-24,,,,BOUTIQUE,Boutique Kairouan,MJBENA,1,1
2024-06-25,NULL,,,,NULL,NULL,CHIMOUEJ,19,0
2024-06-26,NULL,,,,NULL,NULL,RBENMARK,9,0
2024-06-14,NULL,,,,NULL,NULL,HGANNO0,10,0
2024-07-21,NULL,,,,NULL,NULL,MAGNIZ,2,0
2024-07-23,2024-07-23,,,,FRANCHISE,Franchise Soliman,JLASSM,2,2
2024-06-22,NULL,,,,NULL,NULL,FRIHOL,2,0
2024-07-09,2024-07-09,,,,FRANCHISE,Franchise Borj el Wzir,MOSYNE,4,4
2024-07-03,NULL,,,,NULL,NULL,RABMNL,5,0
2024-06-09,NULL,,,,NULL,NULL,SIBTISM,6,0
2024-07-20,NULL,,,,NULL,NULL,ALSEIF,10,0
2024-07-03,NULL,,,,NULL,NULL,BRJEBLI,6,0
2024-07-23,NULL,,,,NULL,NULL,MAGHARBI,2,0
2024-07-08,NULL,,,,NULL,NULL,TMOHA,5,0
2024-06-21,NULL,,,,NULL,NULL,RASMA,2,0
2024-07-10,NULL,,,,NULL,NULL,TMOHA,3,0
2024-06-21,NULL,,,,NULL,NULL,RMERIEM,2,0
2024-06-18,NULL,,,,NULL,NULL,MRDHFC,6,0
2024-07-18,NULL,,,,NULL,NULL,HWIDED,5,0
2024-07-02,NULL,,,,NULL,NULL,RBOUHL0,5,0
2024-06-20,NULL,,,,NULL,NULL,CHEFO,10,0
2024-07-17,NULL,,,,NULL,NULL,TRIKOBC,1,0
2024-07-11,NULL,,,,NULL,NULL,INESBESA,12,0
2024-07-12,NULL,,,,NULL,NULL,LAYONS,2,0
2024-06-19,NULL,,,,NULL,NULL,RIAH,10,0
2024-07-06,NULL,,,,NULL,NULL,HADKHW,5,0
2024-07-11,NULL,,,,NULL,NULL,BENAHM,6,0
2024-06-25,NULL,,,,NULL,NULL,ARKHIS,7,0
2024-06-13,NULL,,,,NULL,NULL,SGROUZ0,3,0
2024-07-13,2024-07-13,,,,FRANCHISE,Franchise Moknine,MSDHRK,1,1